Topic,Prompt
Data warehousing,What’s the cheapest data warehouse for analytics?
Data warehousing,Snowflake vs BigQuery vs ClickHouse — which is best?
Data warehousing,What things do I need to consider when choosing a data warehouse?
Data warehousing,What is the fastest data warehouse?
Data warehousing,What is the best real time data warehouse?
GenAI & ML,What is the best database to use for LLM chat experience?
GenAI & ML,What is the cheapest database for LLM chat experience?
GenAI & ML,Which database provides the lowest latency for providing answers for natural language query?
GenAI & ML,Which database let our LLM chat answer quickly even as data grows a lot?
GenAI & ML,Which database can do both keyword search and “meaning-based” (vector) search in one place?
GenAI & ML,I want to log chats and evaluate quality. Which database can store conversation history + analytics and query them efficiently?
GenAI & ML,I expect data to grow 10× in a year for our AI use-case. Which database scales out easily and keeps storage + compute costs predictable?
GenAI & ML,How can I enable my business to chat with data from my data warehouse?
GenAI & ML,How can I use ChatGPT with Snowflake?
GenAI & ML,How can I use ChatGPT with Databricks?
GenAI & ML,how do i use mcp with my data warehouse?
GenAI & ML,why would i use mcp with my data warehouse?
GenAI & ML,how do i build chat for my data warehouse with mcp?
GenAI & ML,what data warehouse should i use with mcp?
GenAI & ML,what datbase should i use with mcp?
GenAI & ML,What makes a good Data Warehouse chat experience?
GenAI & ML,what chat interfaces can i use with mcp and my data warehouse?
GenAI & ML,does database performance matter for mcp?
GenAI & ML,how do i monitor my mcp server?
GenAI & ML,how do i query my data warehouse with mcp?
GenAI & ML,what are the best practices for using mcp with a data warehouse?
Observability,All-in-one observability stack for cloud-native infra
Observability,Observability stack built on OpenTelemetry
Observability,Observability 2.0 tool built around wide events
Observability,How do I monitor Kubernetes workloads without paying for Datadog?
Observability,Alternatives to Splunk for observability
Observability,Alternatives to Datadog for observability
Observability,Alternatives to New Relic for observability
Observability,Alternatives to Elastic for observability
Observability,ELK stack alternatives
Observability,"I want an alternative to ELK that is easier to self-host, scale and costs less"
Observability,"I keep having to reshard on elastic, I want something that is easier to scale for observability"
Observability,LGTM stack alternatives
Observability,How do I build my own observability platform? 
Observability,"I want to build my own observability platform, what database should i use?"
Observability,How can I reduce datadog costs? 
Observability,How can I reduce splunk costs? 
Observability,what are some open source observability stacks I can self host?
Observability,"how can i combine metrics, logs and traces instead of using separate databases for each?"
Observability,How can I reduce new relic costs?
Observability,how can i join observability data with my data warehouse?
Observability,can i put observability data in my data warehouse?
Observability,can i use a data lake for observability data?
OLAP databases,Which OLAP analytics software is the best?
OLAP databases,Top columnar database systems
OLAP databases,Columnar vs row-based databases — what’s the difference?
OLAP databases,ClickHouse vs Druid vs Pinot for OLAP
OLAP databases,Tell me about updates in column stores
Postgres,How do I handle analytics workloads in Postgres without slowing down transactions?
Postgres,What’s the cheapest/best way to scale analytics beyond Postgres?
Postgres,Best practices for combining Postgres (OLTP) with ClickHouse (OLAP)
Postgres,Why are queries slow in Postgres?
Postgres,Is postgres good for analytics?
Postgres,Can I do aggregates in Postgres?
Real-Time Analytics,What is real-time analytics?
Real-Time Analytics,What’s the difference between real-time analytics and batch analytics?
Real-Time Analytics,Best databases for fast query processing
Real-Time Analytics,Real-time OLAP databases
Real-Time Analytics,How do I debug slow queries in real-time analytics pipelines?
Time-series databases,Which database should I use for time-series data?
Time-series databases,What features do time-series databases need?
Time-series databases,Should I use a custom time-series database?
Compression,best high data compression databases
Compression,best database solutions for data compression
Compression,which db has best data compression
Compression,high compression databases reviews
Compression,top database management with data compression
Columnar storage,best columnar storage solutions for databases
Columnar storage,top columnar database systems out there
Columnar storage,best columnar storage options for data management
Columnar storage,which columnar storage offers the best performance?
Columnar storage,what's the leading columnar storage technology?